target_genome,replicate,barcode,barcode_length,primer_1,primer_1_length,primer_2,primer_2_length,probe,probe_length
phagemid_backbone_clean.fa,1,GCACGTTCAATCGGGATAATCCGTGCCCTGTAATCTATCTGTCAGTCAAGCCCCTTCCTGAGTCAAACGGTACACTAAGCGAGGTCCACTCCCCTCGTCACTATACCAAGAAGCTAAAGTTGCCCTACGTCACTA,135,GCACGTTCAATCGGGATAATCC,22,TAGTGACGTAGGGCAACTTTAGC,23,CCCTTCCTGAGTCAAACGGTACACTAAGCG,30
phagemid_backbone_clean.fa,2,CAGGTATCTAGCGTGTTGAGTTCCACAAGTTCGACTCTAATAGCGCTTGCAGACGCGACTACTTCTTCTCGGCGGTTGATACTAGTGCGCTTCGCTTACCTTGGTCCCTAGTTCTTCACCCTGCTTAGACAAGCA,135,CAGGTATCTAGCGTGTTGAGTTC,23,TGCTTGTCTAAGCAGGGTGAAG,22,ACGCGACTACTTCTTCTCGGCGGTTGATAC,30
phagemid_backbone_clean.fa,3,GAGAGATAGCTCAACGAGTAGCACACTAGGAGCTCGGTAATTTAGCGTGCAGTCCAAGGACGCAATAGCCTTACAACTGGCAGTAGATTAAGCCCTAAGAGTTCCGTGACCCCTTTGGGATTCCAATCCGTGGTGT,136,GAGAGATAGCTCAACGAGTAGCA,23,ACACCACGGATTGGAATCCCAAA,23,CCAAGGACGCAATAGCCTTACAACTGGCAG,30
phagemid_backbone_clean.fa,4,GTGGTCACTTACGTACTCTTTCGTTCTGCGGTCTATAACACCCCAAACACTGAGATACCCAACTCACTCGTTGTCTCCAGGGTTCCTGACTTAGTCACGAGTGCTCGCGTCTAACAAGCGTGTGCGATAAGCCA,134,GTGGTCACTTACGTACTCTTTCG,23,TGGCTTATCGCACACGCTTGT,21,AGATACCCAACTCACTCGTTGTCTCCAGGG,30
phagemid_backbone_clean.fa,5,TATCTCCCTCCGTGACTGTACTTTACGTGGTAGTAGACAGCAAACTAGCGCTAATCAAGACGCCAGCCGTTCAGGATAGCCTGGAACCTGGTTTAACAGACTTCAACGCCAAGCTTGTCCTGTGGGTCTGTA,132,TATCTCCCTCCGTGACTGTAC,21,TACAGACCCACAGGACAAGCT,21,TAATCAAGACGCCAGCCGTTCAGGATAGCC,30
phagemid_backbone_clean.fa,6,AAGCGCGCTTTAAGAGGTAGACTTAAAGCCGCTGTTCCAGACAGAACAGACAAGAAACTCTCTGCCCTAAGGGCTCTAGGGTTTGCGCGTTAGAAGTCGTTGGGATTGAGCGGTAGAAAACTAATCTCGGAGGGG,135,AAGCGCGCTTTAAGAGGTAGAC,22,CCCCTCCGAGATTAGTTTTCTAC,23,AAGAAACTCTCTGCCCTAAGGGCTCTAGGG,30
phagemid_backbone_clean.fa,7,CGAGAGCCAAGGATAGTAGTCGAGGGTAAGCGAGTTAACCGCTTTTTCACACTCCCTCTAGGCTTTGTCACTTCACTCCAGTTCTTATTGTCAGCGCTGGACTGATTGAGGTTGACTCCGTTGTCCCTGAGAT,133,CGAGAGCCAAGGATAGTAGTC,21,ATCTCAGGGACAACGGAGTCAA,22,CTCCCTCTAGGCTTTGTCACTTCACTCCAG,30
phagemid_backbone_clean.fa,8,ACCTGGGAATTGCGACACCTAGTGTTGTAGTTACAGCCAAAACCCAACTCGCGACCTACGGTCGATTAGTGTGCACTTCACGCGGGGAAGTGATTGGAAAGTGTACTTTTCGTAAGCGAATAAGCGTTGCGG,132,ACCTGGGAATTGCGACACCTA,21,CCGCAACGCTTATTCGCTTAC,21,CGACCTACGGTCGATTAGTGTGCACTTCAC,30
phagemid_backbone_clean.fa,9,TCCCCGTTTCCGTTTGTCCTAAATTACCTTAGGTACAAGCCAAGCTCCTGGTGCTAGCTCCCGATCGACCTTGCTAACTAGGCTTGAAGGATCAAACGGATAGGGACGGGTTTTCCTTCCGTGTCAGGTGGTTA,134,TCCCCGTTTCCGTTTGTCCTAA,22,TAACCACCTGACACGGAAGGAA,22,TGCTAGCTCCCGATCGACCTTGCTAACTAG,30
phagemid_backbone_clean.fa,10,GCAGTGCTTTGACCGTGAGTAGTACCACGTGTGCCTCGTTTCAAACTATCAAAACCCGAGAGTCCCCTAGTAGGTTCGAACTAGATACGCAGACGTGAGCTGGAATTTGTGCTTGTTTCGTGCAGAGAGACC,132,GCAGTGCTTTGACCGTGAGTA,21,GGTCTCTCTGCACGAAACAAG,21,AAACCCGAGAGTCCCCTAGTAGGTTCGAAC,30
phagemid_backbone_clean.fa,11,GCTGTCGTTAGAGGACCCTATAGCGCTAACTAAACGGCAGATAGCTGACTTATTTAGGAGGTCTTCTCTGTCCACAGCCGGTCCTTCAAACGTGATCTGGCGGTTGATAGAGTCAAAAGGGGTAACCTGCGT,132,GCTGTCGTTAGAGGACCCTAT,21,ACGCAGGTTACCCCTTTTGAC,21,ATTTAGGAGGTCTTCTCTGTCCACAGCCGG,30
phagemid_backbone_clean.fa,12,CGGTTGTCCCAAACAGTAGAGGTTTTTAGTTATTCCGCGGAATCACCCGTCTGACGCCTGCTTGGATTTGAGTAGCCCCTTAGTTTTATATCCGGGATCCGCTTCTTAGGGTGAGTTCGTTAAGCGCCACCT,132,CGGTTGTCCCAAACAGTAGAG,21,AGGTGGCGCTTAACGAACTCA,21,TGACGCCTGCTTGGATTTGAGTAGCCCCTT,30
phagemid_backbone_clean.fa,13,ATCCCGAGTACGGTTAGTGAGTTCAGCCTCTTCTTGTTTAGTCTGAGTCGGACAAGTCCCAGGGTTCCACTGTATTTCGCGTGTTAGTGCGATTTGCAAGCCTGACAGCTCCAGCAAATCAACAATCCGTGTCAGC,136,ATCCCGAGTACGGTTAGTGAGTT,23,GCTGACACGGATTGTTGATTTGC,23,AAGTCCCAGGGTTCCACTGTATTTCGCGTG,30
phagemid_backbone_clean.fa,14,GTTTACTGACTCAGGCGCTTTGATCACTTCGGTGGATTAGTAACCTGCCTGCGCCAAGGGCGAACTTGCGTTTACAACACTGTGCCGAACTAAACAGTACAAGGCGACTCTCTGACAGACACCTGATTACGCCA,134,GTTTACTGACTCAGGCGCTTTG,22,TGGCGTAATCAGGTGTCTGTCA,22,CGCCAAGGGCGAACTTGCGTTTACAACACT,30
phagemid_backbone_clean.fa,15,GGGTTCAATAGGACGTGGTTCTCTAACAATCACTGCAGGCGAGCTGCTATTCCCAGTACCAAACGATTACGCGGCTAAACGCAGTACTGCTTACTGTACACGGCCACTAGGATCTTCAAATATCAGCCGCGGAG,134,GGGTTCAATAGGACGTGGTTCT,22,CTCCGCGGCTGATATTTGAAGA,22,CCCAGTACCAAACGATTACGCGGCTAAACG,30
phagemid_backbone_clean.fa,16,TGACGGAGACGGATAGTTCACTACTGCCTTGCACGAGACGGATATTGTTTGCCAAGCACTCGAACGGCCTATTTATCCGTCACAAGTGCCGGTTAATTCTCCCTCCAACCCTGTGAAAGAACAACGAGCACTCC,134,TGACGGAGACGGATAGTTCACT,22,GGAGTGCTCGTTGTTCTTTCAC,22,CCAAGCACTCGAACGGCCTATTTATCCGTC,30
phagemid_backbone_clean.fa,17,GCCTCAACTAGCTTCAGTCTAGCACTTGTACAAGTCGAACGAGAAGGTAGCTCGCAATTCCTGGAGTATCCCAACCTGAGGCAGAAACGCTCGGTACTACGGTTCCACAACTCTCAACCACGTAAGCGTCTTCT,134,GCCTCAACTAGCTTCAGTCTAG,22,AGAAGACGCTTACGTGGTTGAG,22,TCGCAATTCCTGGAGTATCCCAACCTGAGG,30
phagemid_backbone_clean.fa,18,TACTACCACTTGCCCGATATCGCTAATCTGAGCCCCTACTAGCGTTCAGTTTACCACAGTTAGGTTCGAGCTCCCACTGTAGCGAGTTCTCGATCGATCCTCGACTTTATACGTTGTCAGTGAATCCGCTAGC,133,TACTACCACTTGCCCGATATCG,22,GCTAGCGGATTCACTGACAAC,21,ACCACAGTTAGGTTCGAGCTCCCACTGTAG,30
phagemid_backbone_clean.fa,19,TCTCTGATACACCGTCACTTCCAGGGCTTTTCTCTAGATTCGGTTGCCAAGAGCTCAGCACACAACCCCGGATATCAGTCACAGTGTCTAAGGCTCGGGTGTTTATACAGGCAAAAGCGAACCAGGGATTACTGTG,136,TCTCTGATACACCGTCACTTCCA,23,CACAGTAATCCCTGGTTCGCTTT,23,CTCAGCACACAACCCCGGATATCAGTCACA,30
phagemid_backbone_clean.fa,20,TACAGCCTTCGCTGTCAAGCTCCTATAAGCACAGGATTCTTAGCCACCGATAAACCCTGCCGTTATCCCGAACACGTTGTGGAAGTCGGTAGTCAATATCGTTGCCAAGCAGTGAAGTTGAACCACCAGTGGT,133,TACAGCCTTCGCTGTCAAGCT,21,ACCACTGGTGGTTCAACTTCAC,22,AAACCCTGCCGTTATCCCGAACACGTTGTG,30
phagemid_backbone_clean.fa,21,CGACAAACCACAGTGCCAGATAGCGTTGGAGAATTGGCTCCTATCACAGTCAGTCAAAACACTCACCGCCTAGTCCGCTAGATCGCGCCGTAAGCAATATTCTGCGTAGCTCGAATCGGGGATTTTGGTGATTG,134,CGACAAACCACAGTGCCAGAT,21,CAATCACCAAAATCCCCGATTCG,23,CAGTCAAAACACTCACCGCCTAGTCCGCTA,30
phagemid_backbone_clean.fa,22,GCAACCCACACTCACACGTTTGGGCACAGTTGATTCTTGTTAGGTACCAGTCTAGCGACTCCGATACCAAGTAGAACAGGGAGACTGGATAAGGTTAGTCGCCTGATAGCTGCAAAGTCTGTGATTCGGCGTT,133,GCAACCCACACTCACACGTTT,21,AACGCCGAATCACAGACTTTGC,22,CTAGCGACTCCGATACCAAGTAGAACAGGG,30
phagemid_backbone_clean.fa,23,TACGCTGAGAGTGGGAATATCGACTTTTAGGTTTGTTACTTGCGTGACGCCCTCTATCCTACTTACACGGCACAGGCGCGATCAAACAGTGTTCTCGGTTTCGGTTGTACCGCTCGAAGCTATTTCGCCACGAC,134,TACGCTGAGAGTGGGAATATCGA,23,GTCGTGGCGAAATAGCTTCGA,21,TCTATCCTACTTACACGGCACAGGCGCGAT,30
phagemid_backbone_clean.fa,24,TCGTTCGCTACTGAGCTTGCTCAGATTTTCCACTTCGTTCCAAGGTATCCCCCAAGTGAGCAATACCGTCCGCCAACTAAGGAACAAATCTGGGATCTAGTCCTCTCGCTATAAGCTTGGTTCGCTTGCACTG,133,TCGTTCGCTACTGAGCTTGCT,21,CAGTGCAAGCGAACCAAGCTTA,22,CCAAGTGAGCAATACCGTCCGCCAACTAAG,30
phagemid_backbone_clean.fa,25,TACCGAGGCAAGTTTGTGAGTACTACGTGCTGCCTACACCAACAAATACGCTGACCTCAGTGATCCACCTTCGCGGTCTATTGCTCTCCAGCTCTTATCCTTATAGGTGGCCTGACTTAGCGAGGTGATTATCGAG,136,TACCGAGGCAAGTTTGTGAGTAC,23,CTCGATAATCACCTCGCTAAGTC,23,ACCTCAGTGATCCACCTTCGCGGTCTATTG,30
phagemid_backbone_clean.fa,26,GTCCGCGTATCCGTTAATTGCTATTGGCCCACGTGCGTTGAGATATACTACTAGCTCCTTACCCGTGAGTTCTACGCTACAGGCAAACAAGAGTCTTGCTTCAGCCTACGTAGAGTAGGGCTATCGATCTCCA,133,GTCCGCGTATCCGTTAATTGCT,22,TGGAGATCGATAGCCCTACTC,21,AGCTCCTTACCCGTGAGTTCTACGCTACAG,30
phagemid_backbone_clean.fa,27,CAAGGCAGAGCCAGATCGATATATTCGTCGATACACAAGTCTGCGTGACGTATTCAGGAGAACCGCGGCAGACCCTATTGTCACCTAAACTTCCTCGGTCTCTAGGGATTTTGACAGCGACCAGGTTGATAC,132,CAAGGCAGAGCCAGATCGATA,21,GTATCAACCTGGTCGCTGTCA,21,ATTCAGGAGAACCGCGGCAGACCCTATTGT,30
phagemid_backbone_clean.fa,28,AGCAAATCGCTAGGTGAGTGCTATACGTATCAGTGCTCAGGCGAAAGAGGATTTATACTAGAACGCCCAGACGCGCTGTACGCGTAAATTTTTAGTGCAGACGTGGGGTGGGGTAGTCAGCTGAGGAGCAACCT,134,AGCAAATCGCTAGGTGAGTGCTA,23,AGGTTGCTCCTCAGCTGACTA,21,TTATACTAGAACGCCCAGACGCGCTGTACG,30
phagemid_backbone_clean.fa,29,ATCTCTACCGGGTACTCAGGATAGACCCAACCCCTGGCCTAAGTTATAGTTTCCTAAAGCCACTCACTCCCACACCTAAGAGCACCGTTAGGCTATCGTAGGAGAACCTGCAATCTGAATCGTAGGCGAGTGCA,134,ATCTCTACCGGGTACTCAGGATA,23,TGCACTCGCCTACGATTCAGA,21,CCTAAAGCCACTCACTCCCACACCTAAGAG,30
phagemid_backbone_clean.fa,30,GGGACGATAAGCACTGGTCAAACCGTATCTGAGCTAGTAACGTCTAACGCTCTCTGAGATACCCGACTAGCGGAAGTAACCCAGCTTGTTGTAGTTGTTATTCCCCCTACGGAATCGGACCTTATCGTGGGT,132,GGGACGATAAGCACTGGTCAA,21,ACCCACGATAAGGTCCGATTC,21,CTCTGAGATACCCGACTAGCGGAAGTAACC,30
phagemid_backbone_clean.fa,31,GAGAGTAAGGCTGAGGTTTACACGTAGCGTACACCCGCTTCGTGAGAAATTTTCGACTCCCAGTCGTTGTGCGTATCTCAGTACGCTTAATCGCAAGACCTCGGCTAGGTTGTTGGTTGTCTAGCGAAGCAACG,134,GAGAGTAAGGCTGAGGTTTACAC,23,CGTTGCTTCGCTAGACAACCA,21,TCGACTCCCAGTCGTTGTGCGTATCTCAGT,30
phagemid_backbone_clean.fa,32,TATTGGCTGAGTCGCAGTGTACGAGAATACGTTGTGGTACGGAATCACGAGAAATAGCCACACACAATCCCGAGCGGCTCTAACCCAGTGTAGCTTTAATCGCAGAACTTCGATCGAGCTTAACAGCGCTCAG,133,TATTGGCTGAGTCGCAGTGTAC,22,CTGAGCGCTGTTAAGCTCGAT,21,AATAGCCACACACAATCCCGAGCGGCTCTA,30
phagemid_backbone_clean.fa,33,AAGGCCAAATCACGCAGGTAAGTGTAAAACCGTGACCCACCACTTATCCCTCGTCTCTACTCGGAGTATCGCTTCCTCTGTAATCTTGAGCTACACTCGGGTGGTACAGCGAGTTAGACGAGACTTCCGTAGAG,134,AAGGCCAAATCACGCAGGTAAG,22,CTCTACGGAAGTCTCGTCTAAC,22,CGTCTCTACTCGGAGTATCGCTTCCTCTGT,30
phagemid_backbone_clean.fa,34,TGAAAGGCTGAACCCGAACCTGCAAGTCGTTCTTATAAGAGCCGTCGAGACACTTTCAGGTGCGACGATCCTATTCTGGCGAGCTTCGTGCGTGATCCGCCCCAATATATAGGATTTGTTTAGAGGGTCGGTGA,134,TGAAAGGCTGAACCCGAACCT,21,TCACCGACCCTCTAAACAAATCC,23,CACTTTCAGGTGCGACGATCCTATTCTGGC,30
phagemid_backbone_clean.fa,35,TTCCTCTAGTGCCGCTACGTAGCGAGTAGTGGATTGTACACACTATCCTAGAGACCGAACCGCGACGCAAAAGAGTTAGTCCACGACAAGCCTCTCTGTTTCCCCTTTTTTGAACTCTTAGCCGAGTCACAAC,133,TTCCTCTAGTGCCGCTACGTA,21,GTTGTGACTCGGCTAAGAGTTC,22,AGACCGAACCGCGACGCAAAAGAGTTAGTC,30
phagemid_backbone_clean.fa,36,ACTTAGCAAACCCCGGAGGATCCAGATTGCTTTGCAAACTCTCGTCCTAACCTTTCTTCTCGCTCAAACGCAACGTCGACGAAAGACCTACTTGGGGCTGACAGATCGTAACTCAACTCACTCCTCGATTGG,132,ACTTAGCAAACCCCGGAGGAT,21,CCAATCGAGGAGTGAGTTGAG,21,CTTTCTTCTCGCTCAAACGCAACGTCGACG,30
phagemid_backbone_clean.fa,37,AAGAAGTGTGCCAACCGTATAGCACGACGGGAATCTTAAGAGGAACTGCGTACTTGCGGGAGCTACTTAGATACAAACGCCGCTGGACCGCAAGGCTAGGCACTTACAATTAGTGGATTTCAGCGGTAGCCCAAT,135,AAGAAGTGTGCCAACCGTATAGC,23,ATTGGGCTACCGCTGAAATCCA,22,CTTGCGGGAGCTACTTAGATACAAACGCCG,30
phagemid_backbone_clean.fa,38,AAACTGGCCGGTAGGAAGCTTGAGGGACTCTTACGCACCTTATCAGTTTGAACCTACAACTATCGTCCGTCAAGCCCAGCTGGACCAAGAAGTTAAAAGTCCGAGCAGACTACTCAGTTGCACCTCGTACAC,132,AAACTGGCCGGTAGGAAGCTT,21,GTGTACGAGGTGCAACTGAGT,21,ACCTACAACTATCGTCCGTCAAGCCCAGCT,30
phagemid_backbone_clean.fa,39,AGTAAGTGCTCCTGGCACACTGAGTATAGGCGAGGAAAGACCGTTTGATTGATTCTTCTGCGAGTTGGCTTGCCGATCACCACGCCGAGTGATTGCTTTTCAAGGATACGAGTTGTGGAAAGACCTGTTAGCG,133,AGTAAGTGCTCCTGGCACACT,21,CGCTAACAGGTCTTTCCACAAC,22,ATTCTTCTGCGAGTTGGCTTGCCGATCACC,30
phagemid_backbone_clean.fa,40,CTCCGTTGAGCAACGAGTCTAACCCGAACTCTCCACAGTGTGTCAAAACTTAATACCTACCGCGCCCTATTTGACAGCCTCGCCAAGACTGTCTAATTTGGACCACACTCAAGAACGACTAGCACACGACAC,132,CTCCGTTGAGCAACGAGTCTA,21,GTGTCGTGTGCTAGTCGTTCT,21,AATACCTACCGCGCCCTATTTGACAGCCTC,30
phagemid_backbone_clean.fa,41,TCTAGTGCGACCAGGAAGTGACAACTGTGTCTTCGGATACTCTGGTATACGCCCCTTTAACTAAGCCTAGGTCTCTCTGGGGAGACAACGCCCTGTTAACACAACGACTTTTCGTTAGCTAGTACGGTTCCTG,133,TCTAGTGCGACCAGGAAGTGA,21,CAGGAACCGTACTAGCTAACGA,22,CCCCTTTAACTAAGCCTAGGTCTCTCTGGG,30
phagemid_backbone_clean.fa,42,CCTACAAAGACCCTCTCGGTTTAGATTCTAGTACGTACCGTTAGGTGTGCCCCAAGTCACGACGGCGACGATTAGTGCAAAGAATTGGTCCAACAGCGCTAATCGAGCGTTCTAACGATACGCGTGGACTTCAG,134,CCTACAAAGACCCTCTCGGTTT,22,CTGAAGTCCACGCGTATCGTTA,22,CCAAGTCACGACGGCGACGATTAGTGCAAA,30
phagemid_backbone_clean.fa,43,CTAGGGTGTTCTGGAAGTTGCTGGTACTCTAATCTGAGACCAGTTTCGCTGAAGTACGGGCCAGCTATCCAACCTTAGTGGAATAAACTGGCTTTCCCACGGGAGATCGTTAAGTACGAAGCCTCTTTCGACG,133,CTAGGGTGTTCTGGAAGTTGCT,22,CGTCGAAAGAGGCTTCGTACT,21,AGTACGGGCCAGCTATCCAACCTTAGTGGA,30
phagemid_backbone_clean.fa,44,GTATCGCGCTGTCTGTTGGTTCCGCTAGCAAACTTACACGGTCTAACTTAGATTGGCACAAAACCCGCCTTAACTCCAGGGTACTAACTTGACGATCACGGAGTCAACCAGAGGAATTCCGTGTTCCGCTGAT,133,GTATCGCGCTGTCTGTTGGTT,21,ATCAGCGGAACACGGAATTCCT,22,ATTGGCACAAAACCCGCCTTAACTCCAGGG,30
phagemid_backbone_clean.fa,45,CCCGGGAAACAGTCTAGATCTTGGAAGCAAGCCAAAACGTACTTGTCGTCTTCAGTTGAGAGCCGTACCTCCCGTTGTTTGAGTTTGTGCTGGGTCGCAAATAGGAACGATTGTGACTACAACGCCTCTGTG,132,CCCGGGAAACAGTCTAGATCT,21,CACAGAGGCGTTGTAGTCACA,21,TCAGTTGAGAGCCGTACCTCCCGTTGTTTG,30
phagemid_backbone_clean.fa,46,CCGAACTGACGTTACTCAAGACCTGGACGTGGAGGAGACCAATTAGATCTATTACCGTCACCACCACACACAAGGGAAGTGTCCCGACAAACTGAAAGCCGAAGCCTAACAGGAACACCTGTCTTTGGAGGGTT,134,CCGAACTGACGTTACTCAAGAC,22,AACCCTCCAAAGACAGGTGTTC,22,TTACCGTCACCACCACACACAAGGGAAGTG,30
phagemid_backbone_clean.fa,47,GCTGAGGTTGTAGGAGCAACTGCTTAATCTAATCCCCCTGTAGACTGAGAGCACCCCTGCCCAGGTTCGGAAGTTTAAAGTCTTTTCCTGTTCGTGCGTCGTAATCTGTGTTCTTGGTCTAGTTCCGGCAAC,132,GCTGAGGTTGTAGGAGCAACT,21,GTTGCCGGAACTAGACCAAGA,21,CACCCCTGCCCAGGTTCGGAAGTTTAAAGT,30
phagemid_backbone_clean.fa,48,CCGGGAAACCAAGGAAGCTTTGTTTATCACAGTATCACCCAATAGCGACCGAGAACAAAACAACGTGACCTCCGCCCCAAGCTGGCACGACTGCTACTTCTCAGTTAGTAAGTTTGGCAGAGTGCACTACTG,132,CCGGGAAACCAAGGAAGCTTT,21,CAGTAGTGCACTCTGCCAAAC,21,AGAACAAAACAACGTGACCTCCGCCCCAAG,30
phagemid_backbone_clean.fa,49,GGTGTCTAGGTCAGAGCGTATTTGGAAGATCTTGAGCCTTGGAGCTGTTGCTGTACTACACGGCGACGCACGATAGTCAAAGTACTGGGCGGAGGAAAACTCTGAGTCTACAACTCTCCAGCTTCCGTTGAGAT,134,GGTGTCTAGGTCAGAGCGTAT,21,ATCTCAACGGAAGCTGGAGAGTT,23,CTGTACTACACGGCGACGCACGATAGTCAA,30
phagemid_backbone_clean.fa,50,CCAGCTAATTTAACCCGCAACCTAACAAGTCAAGCGCTACCTTAGGGGTAACTTTCGGCAACACGTGGATTTTACCGAGCCCCTTGGCCAGCAGTAAGGTTTCGTAGTTGCACTTACCCGTCGAGCGAGACTAA,134,CCAGCTAATTTAACCCGCAACCT,23,TTAGTCTCGCTCGACGGGTAA,21,TTTCGGCAACACGTGGATTTTACCGAGCCC,30
